{"cameraMode":{"drawMode":0,"name":"Shaded","section":"Shading Mode"},"sceneLighting":true,"audioPlay":false,"sceneViewState":{"showFog":false,"showMaterialUpdate":false,"showSkybox":false,"showFlares":false,"showImageEffects":false,"showParticleSystems":false},"in2DMode":false,"pivot":{"x":-0.040991559624671939,"y":-0.8594451546669006,"z":-0.6315603256225586},"rotation":{"x":-0.49581271409988406,"y":-0.047111719846725467,"z":0.026951884850859643,"w":-0.8667388558387756},"size":9.241612434387207,"orthographic":false}