{"cameraMode":{"drawMode":0,"name":"Shaded","section":"Shading Mode"},"sceneLighting":true,"audioPlay":false,"sceneViewState":{"showFog":false,"showMaterialUpdate":false,"showSkybox":false,"showFlares":false,"showImageEffects":false,"showParticleSystems":false},"in2DMode":false,"pivot":{"x":-0.3308873772621155,"y":-5.375438690185547,"z":1.2232263088226319},"rotation":{"x":0.027825525030493737,"y":-0.9511281847953796,"z":0.294223815202713,"w":0.08984534442424774},"size":32.15998840332031,"orthographic":false}