{"cameraMode":{"drawMode":0,"name":"Shaded","section":"Shading Mode"},"sceneLighting":true,"audioPlay":false,"sceneViewState":{"showFog":false,"showMaterialUpdate":false,"showSkybox":false,"showFlares":false,"showImageEffects":false,"showParticleSystems":false},"in2DMode":false,"pivot":{"x":-0.1555231511592865,"y":-1.7529828548431397,"z":0.10882948338985443},"rotation":{"x":0.0008455519564449787,"y":-0.7172319889068604,"z":0.6968814730644226,"w":0.0008403692627325654},"size":31.92101287841797,"orthographic":false}