{"cameraMode":{"drawMode":0,"name":"Shaded","section":"Shading Mode"},"sceneLighting":true,"audioPlay":false,"sceneViewState":{"showFog":false,"showMaterialUpdate":false,"showSkybox":false,"showFlares":false,"showImageEffects":false,"showParticleSystems":false},"in2DMode":false,"pivot":{"x":-0.2083481252193451,"y":-0.6311928629875183,"z":-1.0379109382629395},"rotation":{"x":-0.2768006920814514,"y":0.20245669782161714,"z":-0.05977853387594223,"w":-0.937456488609314},"size":31.925582885742189,"orthographic":false}